-- PrepKeeper 模拟数据
-- PostgreSQL

-- 清理已有数据（按外键依赖顺序删除）
TRUNCATE TABLE easter_eggs, reminders, checkins, tasks, study_plans, users CASCADE;

-- 插入用户数据
INSERT INTO users (user_id, nickname, password, email, avatar_url, total_checkins, current_streak, max_streak, created_at, updated_at) VALUES
('user_001', '张小明', '$2a$10$abcdefghijklmnopqrstuvwxyz123456', 'zhangxm@example.com', 'https://api.dicebear.com/7.x/avataaars/svg?seed=Felix', 15, 7, 12, '2024-01-15 10:30:00', '2024-03-28 08:00:00'),
('user_002', '李晓华', '$2a$10$abcdefghijklmnopqrstuvwxyz123457', 'lixh@example.com', 'https://api.dicebear.com/7.x/avataaars/svg?seed=Aneka', 28, 14, 21, '2024-01-20 14:20:00', '2024-03-28 09:15:00'),
('user_003', '王大伟', '$2a$10$abcdefghijklmnopqrstuvwxyz123458', 'wangdw@example.com', 'https://api.dicebear.com/7.x/avataaars/svg?seed=Max', 42, 21, 30, '2024-02-01 09:00:00', '2024-03-28 07:30:00'),
('user_004', '刘思琪', '$2a$10$abcdefghijklmnopqrstuvwxyz123459', 'liusq@example.com', 'https://api.dicebear.com/7.x/avataaars/svg?seed=Luna', 8, 3, 5, '2024-03-10 16:45:00', '2024-03-27 22:00:00'),
('user_005', '陈浩然', '$2a$10$abcdefghijklmnopqrstuvwxyz123460', 'chenhr@example.com', 'https://api.dicebear.com/7.x/avataaars/svg?seed=Oliver', 35, 0, 18, '2024-01-25 11:15:00', '2024-03-26 23:45:00');

-- 插入备考计划数据
INSERT INTO study_plans (plan_id, user_id, exam_name, exam_type, exam_date, daily_hours, foundation_level, weak_subjects, current_mode, plan_status, current_phase, created_at, updated_at) VALUES
('plan_001', 'user_001', '全国计算机等级考试二级', 'NCRE', '2024-05-25', 3.0, 2, '数据结构,算法', 2, 0, 2, '2024-03-01 10:00:00', '2024-03-28 08:00:00'),
('plan_002', 'user_002', '大学英语六级考试', 'CET-6', '2024-06-15', 2.5, 3, '听力,翻译', 1, 0, 1, '2024-03-10 14:00:00', '2024-03-28 09:00:00'),
('plan_003', 'user_003', '研究生入学考试', '考研', '2024-12-21', 6.0, 4, '数学,专业课', 3, 0, 1, '2024-02-15 09:00:00', '2024-03-28 07:30:00'),
('plan_004', 'user_004', '雅思考试', 'IELTS', '2024-08-10', 4.0, 2, '口语,写作', 2, 0, 1, '2024-03-15 16:00:00', '2024-03-27 20:00:00'),
('plan_005', 'user_005', '公务员考试', '公考', '2024-11-24', 5.0, 3, '申论,数量关系', 2, 0, 1, '2024-02-20 11:00:00', '2024-03-26 22:00:00'),
('plan_006', 'user_001', '软件设计师中级', '软考', '2024-11-09', 2.0, 1, '软件工程', 1, 2, 1, '2024-02-01 10:00:00', '2024-03-01 10:00:00'),
('plan_007', 'user_003', '托福考试', 'TOEFL', '2024-07-20', 3.0, 2, '口语', 1, 0, 1, '2024-03-20 09:00:00', '2024-03-28 07:00:00');

-- 插入任务数据
INSERT INTO tasks (task_id, plan_id, task_date, subject, task_content, estimated_minutes, task_type, phase, status, completed_at, checkin_type, created_at) VALUES
-- user_001 的计算机二级任务
('task_001', 'plan_001', '2024-03-28', '选择题', '完成第3章选择题专项训练', 60, 3, 2, 2, '2024-03-28 10:30:00', 1, '2024-03-27 22:00:00'),
('task_002', 'plan_001', '2024-03-28', '操作题', 'Word文档排版练习', 45, 1, 2, 1, NULL, NULL, '2024-03-27 22:00:00'),
('task_003', 'plan_001', '2024-03-29', '选择题', '完成第4章选择题专项训练', 60, 3, 2, 0, NULL, NULL, '2024-03-28 08:00:00'),
('task_004', 'plan_001', '2024-03-29', '操作题', 'Excel数据处理练习', 60, 1, 2, 0, NULL, NULL, '2024-03-28 08:00:00'),
('task_005', 'plan_001', '2024-03-30', '模拟考', '完整模拟考试', 120, 4, 2, 0, NULL, NULL, '2024-03-28 08:00:00'),

-- user_002 的六级任务
('task_006', 'plan_002', '2024-03-28', '听力', '真题听力训练1套', 40, 2, 1, 2, '2024-03-28 09:00:00', 1, '2024-03-27 20:00:00'),
('task_007', 'plan_002', '2024-03-28', '阅读', '完成2篇仔细阅读', 30, 2, 1, 2, '2024-03-28 09:45:00', 1, '2024-03-27 20:00:00'),
('task_008', 'plan_002', '2024-03-28', '单词', '背诵50个六级核心词汇', 20, 1, 1, 1, NULL, NULL, '2024-03-27 20:00:00'),
('task_009', 'plan_002', '2024-03-29', '写作', '完成1篇作文练习', 30, 1, 1, 0, NULL, NULL, '2024-03-28 09:00:00'),

-- user_003 的考研任务
('task_010', 'plan_003', '2024-03-28', '数学', '高等数学第五章习题', 120, 1, 1, 2, '2024-03-28 11:00:00', 1, '2024-03-27 21:00:00'),
('task_011', 'plan_003', '2024-03-28', '英语', '考研英语阅读2篇', 40, 2, 1, 2, '2024-03-28 14:00:00', 1, '2024-03-27 21:00:00'),
('task_012', 'plan_003', '2024-03-28', '专业课', '数据结构第三章', 90, 1, 1, 1, NULL, NULL, '2024-03-27 21:00:00'),
('task_013', 'plan_003', '2024-03-29', '政治', '马原第一章学习', 60, 1, 1, 0, NULL, NULL, '2024-03-28 08:00:00'),

-- user_004 的雅思任务
('task_014', 'plan_004', '2024-03-28', '口语', 'Part1话题练习', 30, 1, 1, 1, NULL, NULL, '2024-03-27 18:00:00'),
('task_015', 'plan_004', '2024-03-28', '写作', 'Task2作文练习', 40, 1, 1, 0, NULL, NULL, '2024-03-27 18:00:00'),
('task_016', 'plan_004', '2024-03-28', '听力', '剑桥雅思听力1套', 30, 2, 1, 2, '2024-03-28 21:00:00', 1, '2024-03-27 18:00:00'),

-- user_005 的公考任务
('task_017', 'plan_005', '2024-03-28', '行测', '言语理解练习40题', 40, 3, 1, 2, '2024-03-28 10:00:00', 1, '2024-03-27 19:00:00'),
('task_018', 'plan_005', '2024-03-28', '申论', '申论小题练习', 60, 1, 1, 0, NULL, NULL, '2024-03-27 19:00:00'),
('task_019', 'plan_005', '2024-03-29', '行测', '数量关系练习20题', 40, 3, 1, 0, NULL, NULL, '2024-03-28 08:00:00');

-- 插入打卡记录数据
INSERT INTO checkins (checkin_id, user_id, plan_id, checkin_date, completed_tasks, total_tasks, completion_rate, is_makeup, streak_broken, created_at) VALUES
('checkin_001', 'user_001', 'plan_001', '2024-03-22', 3, 4, 75.00, 0, 0, '2024-03-22 22:30:00'),
('checkin_002', 'user_001', 'plan_001', '2024-03-23', 4, 4, 100.00, 0, 0, '2024-03-23 21:45:00'),
('checkin_003', 'user_001', 'plan_001', '2024-03-24', 2, 4, 50.00, 0, 0, '2024-03-24 23:00:00'),
('checkin_004', 'user_001', 'plan_001', '2024-03-25', 4, 4, 100.00, 0, 0, '2024-03-25 22:15:00'),
('checkin_005', 'user_001', 'plan_001', '2024-03-26', 3, 4, 75.00, 0, 0, '2024-03-26 23:30:00'),
('checkin_006', 'user_001', 'plan_001', '2024-03-27', 4, 4, 100.00, 0, 0, '2024-03-27 22:00:00'),
('checkin_007', 'user_001', 'plan_001', '2024-03-28', 2, 3, 66.67, 0, 0, '2024-03-28 21:30:00'),

('checkin_008', 'user_002', 'plan_002', '2024-03-22', 2, 3, 66.67, 0, 0, '2024-03-22 21:00:00'),
('checkin_009', 'user_002', 'plan_002', '2024-03-23', 3, 3, 100.00, 0, 0, '2024-03-23 22:00:00'),
('checkin_010', 'user_002', 'plan_002', '2024-03-24', 3, 3, 100.00, 0, 0, '2024-03-24 21:30:00'),
('checkin_011', 'user_002', 'plan_002', '2024-03-25', 2, 3, 66.67, 0, 0, '2024-03-25 22:15:00'),
('checkin_012', 'user_002', 'plan_002', '2024-03-26', 3, 3, 100.00, 0, 0, '2024-03-26 21:45:00'),
('checkin_013', 'user_002', 'plan_002', '2024-03-27', 3, 3, 100.00, 0, 0, '2024-03-27 22:00:00'),
('checkin_014', 'user_002', 'plan_002', '2024-03-28', 3, 3, 100.00, 0, 0, '2024-03-28 22:30:00'),

('checkin_015', 'user_003', 'plan_003', '2024-03-22', 2, 3, 66.67, 0, 0, '2024-03-22 23:00:00'),
('checkin_016', 'user_003', 'plan_003', '2024-03-23', 3, 3, 100.00, 0, 0, '2024-03-23 22:30:00'),
('checkin_017', 'user_003', 'plan_003', '2024-03-24', 3, 3, 100.00, 0, 0, '2024-03-24 23:15:00'),
('checkin_018', 'user_003', 'plan_003', '2024-03-25', 3, 3, 100.00, 0, 0, '2024-03-25 22:45:00'),
('checkin_019', 'user_003', 'plan_003', '2024-03-26', 3, 3, 100.00, 0, 0, '2024-03-26 23:30:00'),
('checkin_020', 'user_003', 'plan_003', '2024-03-27', 3, 3, 100.00, 0, 0, '2024-03-27 23:00:00'),
('checkin_021', 'user_003', 'plan_003', '2024-03-28', 2, 3, 66.67, 0, 0, '2024-03-28 22:00:00'),

('checkin_022', 'user_004', 'plan_004', '2024-03-26', 1, 2, 50.00, 0, 0, '2024-03-26 23:30:00'),
('checkin_023', 'user_004', 'plan_004', '2024-03-27', 2, 2, 100.00, 0, 0, '2024-03-27 22:30:00'),
('checkin_024', 'user_004', 'plan_004', '2024-03-28', 1, 3, 33.33, 0, 0, '2024-03-28 23:00:00'),

('checkin_025', 'user_005', 'plan_005', '2024-03-20', 2, 2, 100.00, 0, 0, '2024-03-20 22:00:00'),
('checkin_026', 'user_005', 'plan_005', '2024-03-21', 1, 2, 50.00, 0, 0, '2024-03-21 23:00:00'),
('checkin_027', 'user_005', 'plan_005', '2024-03-22', 0, 2, 0.00, 0, 1, '2024-03-23 10:00:00'),
('checkin_028', 'user_005', 'plan_005', '2024-03-26', 2, 2, 100.00, 1, 0, '2024-03-26 23:30:00');

-- 插入提醒数据
INSERT INTO reminders (reminder_id, user_id, plan_id, reminder_type, trigger_time, content, is_sent, sent_at) VALUES
('reminder_001', 'user_001', 'plan_001', 1, '2024-03-29 09:00:00', '早安！今天有3个任务等你完成，继续加油！', 0, NULL),
('reminder_002', 'user_001', 'plan_001', 2, '2024-03-28 21:00:00', '你今天还有未完成的任务，要放弃吗？', 1, '2024-03-28 21:00:00'),
('reminder_003', 'user_001', 'plan_001', 3, '2024-03-31 20:00:00', '本周学习报告已生成，点击查看详情', 0, NULL),
('reminder_004', 'user_002', 'plan_002', 1, '2024-03-29 08:30:00', '新的一天开始啦！今天的英语学习计划已准备好', 0, NULL),
('reminder_005', 'user_003', 'plan_003', 1, '2024-03-29 07:00:00', '早起背单词！考研路上你不孤单', 0, NULL),
('reminder_006', 'user_003', 'plan_003', 2, '2024-03-28 22:30:00', '专业课还没完成哦，再坚持一下！', 1, '2024-03-28 22:30:00'),
('reminder_007', 'user_004', 'plan_004', 1, '2024-03-29 09:00:00', '雅思备考进行中，今天有3个任务', 0, NULL),
('reminder_008', 'user_005', 'plan_005', 2, '2024-03-28 20:00:00', '你的申论练习还没开始呢~', 1, '2024-03-28 20:00:00');

-- 插入彩蛋触发记录数据
INSERT INTO easter_eggs (record_id, user_id, egg_type, trigger_date, content, is_triggered) VALUES
('egg_001', 'user_001', 'late_night', '2024-03-24', '夜深了还在努力学习，注意休息哦~已经连续学习7天啦！', 1),
('egg_002', 'user_001', 'early_bird', '2024-03-26', '早起鸟儿有虫吃！你今天6点就开始学习啦', 1),
('egg_003', 'user_001', 'weekend', '2024-03-23', '周末也不放松，你就是最棒的！', 1),
('egg_004', 'user_002', 'random', '2024-03-25', '恭喜你获得"连续打卡14天"成就徽章！', 1),
('egg_005', 'user_003', 'late_night', '2024-03-27', '凌晨还在刷题，你是真的拼！但也别忘了休息', 1),
('egg_006', 'user_003', 'early_bird', '2024-03-28', '又是一个早起学习的好日子！', 1),
('egg_007', 'user_004', 'random', '2024-03-27', '隐藏彩蛋：发现你今天学习效率超高！', 1),
('egg_008', 'user_005', 'weekend', '2024-03-16', '周末学习小能手！', 1);